Country,Year,Value
Australia,2013,82.19756098
Australia,1990,76.99463415
Bhutan,2013,69.10292683
Bhutan,1990,52.46231707
Brazil,2013,74.12243902
Brazil,1990,65.34031707
China,2013,75.35302439
China,1990,69.47156098
Ethiopia,2013,63.44219512
Ethiopia,1990,47.09956098
India,2013,67.66041463
India,1990,57.94373171
Japan,2013,83.33195122
Japan,1990,78.83682927
United States,2013,78.84146341
United States,1990,75.21463415
